metric,value
eval_loss,1.8718883991241455
eval_accuracy,0.34444444444444444
